,Hindi Words,English Words
0,मैं,I
1,को,to
2,और,and
3,ए,a
4,का,of
5,था,was
6,वह,he
7,आप,you
8,यह,it
9,में,in
10,उसका,her
11,वह,she
12,वह,that
13,मेरा,my
14,उसका,his
15,मुझे,me
16,पर,on
17,साथ,with
18,पर,at
19,जैसा,as
20,था,had
21,के लिए,for
22,लेकिन,but
23,उसका,him
24,कहा,said
25,होना,be
26,ऊपर,up
27,बाहर,out
28,देखना,look
29,इसलिए,so
30,पास,have
31,क्या,what
32,नहीं,not
33,अभी,just
34,पसंद,like
35,जाना,go
36,वे,they
37,है,is
38,यह,this
39,से,from
40,सभी,all
41,हम,we
42,थे,were
43,पीछे,back
44,करना,do
45,एक,one
46,के बारे में,about
47,जानना,know
48,अगर,if
49,कब,when
50,पाना,get
51,तब,then
52,में,into
53,चाहेंगे,would
54,नहीं,no
55,वहाँ,there
56,मैं हूँ,I'm
57,सकना,could
58,नहीं,don't
59,पूछना,ask
60,नीचे,down
61,समय,time
62,नहीं था,didn't
63,चाहना,want
64,आँख,eye
65,उन्हें,them
66,ऊपर,over
67,आपका,your
68,हैं,are
69,या,or
70,गया,been
71,अब,now
72,एक,an
73,द्वारा,by
74,सोचना,think
75,देखना,see
76,हाथ,hand
77,इसका,it's
78,कहना,say
79,कैसे,how
80,आस-पास,around
81,सिर,head
82,किया,did
83,कुंआ,well
84,पहले,before
85,बंद,off
86,WHO,who
87,अधिक,more
88,यहां तक ​​की,even
89,मोड़,turn
90,आना,come
91,मुस्कान,smile
92,रास्ता,way
93,वास्तव में,really
94,कर सकना,can
95,चेहरा,face
96,अन्य,other
97,कुछ,some
98,सही,right
99,उनका,their
100,केवल,only
101,टहलना,walk
102,निर्माण,make
103,प्राप्त,got
104,कोशिश,try
105,कुछ,something
106,कमरा,room
107,दोबारा,again
108,चीज़,thing
109,बाद,after
110,फिर भी,still
111,विचार,thought
112,दरवाजा,door
113,यहाँ,here
114,बहुत,too
115,थोड़ा,little
116,क्योंकि,because
117,क्यों,why
118,दूर,away
119,होने देना,let
120,लेना,take
121,दो,two
122,शुरू,start
123,अच्छा,good
124,कहाँ,where
125,कभी नहीँ,never
126,द्वारा,through
127,दिन,day
128,अधिकता,much
129,कहना,tell
130,नहीं था,wasn't
131,लड़की,girl
132,अनुभव करना,feel
133,ओह,oh
134,आप कर रहे हैं,you're
135,पुकारना,call
136,बात करना,talk
137,इच्छा,will
138,लंबा,long
139,बजाय,than
140,हम,us
141,निर्मित,made
142,दोस्त,friend
143,जानता था,knew
144,खुला,open
145,ज़रूरत,need
146,पहला,first
147,कौन,which
148,लोग,people
149,वह है,that's
150,गया,went
151,ज़रूर,sure
152,प्रतीत होना,seem
153,रुकना,stop
154,आवाज़,voice
155,बहुत,very
156,अनुभव किया,felt
157,लिया,took
158,हमारा,our
159,खींचना,pull
160,हँसना,laugh
161,आदमी,man
162,ठीक,okay
163,बंद करना,close
164,कोई,any
165,आया,came
166,कहा,told
167,प्यार,love
168,घड़ी,watch
169,बाजू,arm
170,कुछ भी,anything
171,बीमार,I'll
172,यद्यपि,though
173,रखना,put
174,बाएं,left
175,काम,work
176,लड़का,guy
177,बाल,hair
178,अगला,next
179,नहीं कर सका,couldn't
180,हाँ,yeah
181,जबकि,while
182,अर्थ,mean
183,घर,home
184,कुछ,few
185,देखा,saw
186,जगह,place
187,विद्यालय,school
188,मदद,help
189,इंतज़ार,wait
190,देर,late
191,वर्ष,year
192,नहीं कर सकता,can't
193,घर,house
194,होना,happen
195,अंतिम,last
196,हमेशा,always
197,कदम,move
198,पुराना,old
199,रात,night
200,सिर हिलाकर सहमति देना,nod
201,ज़िंदगी,life
202,देना,give
203,बैठना,sit
204,एकटक देखना,stare
205,बैठा,sat
206,चाहिए,should
207,पल,moment
208,एक और,another
209,पीछे,behind
210,ओर,side
211,आवाज़,sound
212,एक बार,once
213,पाना,find
214,की ओर,toward
215,लड़का,boy
216,कभी,ever
217,कुछ नहीं,nothing
218,सामने,front
219,मां,mother
220,नाम,name
221,पूर्वाह्न,am
222,तब से,since
223,जवाब,reply
224,वह है,he's
225,खुद,myself
226,छुट्टी,leave
227,बिस्तर,bed
228,नया,new
229,कार,car
230,उपयोग,use
231,दिमाग,mind
232,शायद,maybe
233,है,has
234,सुना,heard
235,उत्तर,answer
236,मिनट,minute
237,हाँ,yes
238,जब तक,until
239,दोनों,both
240,मिला,found
241,अंत,end
242,छोटा,small
243,पहचान,I'd
244,शब्द,word
245,कोई,someone
246,वही,same
247,पर्याप्त,enough
248,शुरू किया,began
249,दौड़ना,run
250,अंश,bit
251,साँस,sigh
252,प्रत्येक,each
253,वे,those
254,लगभग,almost
255,ख़िलाफ़,against
256,सब कुछ,everything
257,अधिकांश,most
258,धन्यवाद,thank
259,नहीं,wouldn't
260,माँ,mom
261,बेहतर,better
262,खेल,play
263,मैंने,I've
264,अपना,own
265,प्रत्येक,every
266,मुश्किल,hard
267,याद करना,remember
268,तीन,three
269,खड़ा हुआ,stood
270,रहना,live
271,खड़ा होना,stand
272,दूसरा,second
273,क्षमा मांगना,sorry
274,रखना,keep
275,आखिरकार,finally
276,बिंदु,point
277,दिया,gave
278,पहले से,already
279,वास्तव में,actually
280,शायद,probably
281,वह स्वयं,himself
282,बड़ा,big
283,सब लोग,everyone
284,अनुमान,guess
285,बहुत,lot
286,कदम,step
287,अरे,hey
288,सुनना,hear
289,रोशनी,light
290,जल्दी से,quickly
291,पापा,dad
292,चुंबन,kiss
293,काला,black
294,चुनना,pick
295,अन्य,else
296,जल्दी,soon
297,कंधा,shoulder
298,मेज,table
299,श्रेष्ठ,best
300,बिना,without
301,सूचना,notice
302,रहना,stay
303,देखभाल,care
304,फ़ोन,phone
305,पहुँचना,reach
306,समझना,realize
307,अनुसरण करना,follow
308,तय करना,decide
309,दयालु,kind
310,वह है,she's
311,झपटना,grab
312,वह था,he'd
313,दिखाना,show
314,अंदर,inside
315,अचानक,suddenly
316,पिता,father
317,आराम,rest
318,खुद,herself
319,मुसकान,grin
320,घंटा,hour
321,आशा,hope
322,भी,also
323,शरीर,body
324,ताकत,might
325,नहीं था,hadn't
326,ज़मीन,floor
327,इसका,its
328,जारी रखना,continue
329,दौड़ा,ran
330,आर-पार,across
331,पकड़,hold
332,चिल्लाना,cry
333,आधा,half
334,सुंदर,pretty
335,महान,great
336,अवधि,course
337,मुँह,mouth
338,कक्षा,class
339,बच्चा,kid
340,कुमारी,miss
341,आश्चर्य,wonder
342,सुबह,morning
343,कम से कम,least
344,अच्छा,nice
345,अँधेरा,dark
346,धीरे से,slowly
347,पूर्ण,done
348,परिवर्तन,change
349,नहीं है,doesn't
350,साथ में,together
351,अभी तक,yet
352,सवाल,question
353,फिर भी,anyway
354,खराब,bad
355,नीला,blue
356,विश्वास करना,believe
357,सप्ताह,week
358,ईश्वर,God
359,ओंठ,lip
360,श्री।,Mr.
361,नींद,sleep
362,अच्छा,fine
363,क्या है,what's
364,परिवार,family
365,अनेक,many
366,चिंता,worry
367,लुढ़काना,roll
368,माता-पिता,parent
369,अंतर्गत,under
370,आश्चर्य,surprise
371,पानी,water
372,पर,onto
373,थे,we're
374,झलक,glance
375,दीवार,wall
376,बीच में,between
377,देखा,seen
378,पढ़ना,read
379,खिड़की,window
380,विचार,idea
381,सफ़ेद,white
382,धकेलना,push
383,पैर,feet
384,अवश्य,must
385,ऐसा,such
386,सीट,seat
387,तय करना,set
388,कृपया,please
389,लाल,red
390,भाई,brother
391,इन,these
392,पूरा,whole
393,दुबला,lean
394,भाग,part
395,व्यक्ति,person
396,थोड़ा,slightly
397,उत्तीर्ण,pass
398,हिलाया,shook
399,तथ्य,fact
400,गलत,wrong
401,गया,gone
402,दूर,far
403,मार,hit
404,उँगलिया,finger
405,अत्यंत,quite
406,घृणा,hate
407,मिलना,meet
408,खत्म करना,finish
409,दिल,heart
410,किताब,book
411,अतीत,past
412,मारना,kill
413,कारण,reason
414,कोई भी,anyone
415,आकृति,figure
416,ऊपर,top
417,साथ में,along
418,दुनिया,world
419,ओसारा,she'd
420,उच्च,high
421,शर्ट,shirt
422,करता है,does
423,आज,today
424,युवा,young
425,आयोजित,held
426,बाहर,outside
427,सुनना,listen
428,फुसफुसाना,whisper
429,नहीं होगा,won't
430,खुश,happy
431,ज़मीन,ground
432,गहरा,deep
433,बूँद,drop
434,कंधे उचकाने की क्रिया,shrug
435,पोशाक,dress
436,गिरा,fell
437,वहाँ है,there's
438,चिल्लाना,yell
439,साँस,breath
440,वायु,air
441,आंसू,tear
442,बहन,sister
443,कुर्सी,chair
444,रसोईघर,kitchen
445,मामला,matter
446,आहत,hurt
447,गिरना,fall
448,घिसाव,wear
449,नहीं है,isn't
450,महिला,woman
451,खाना,eat
452,झूठ,lie
453,नरक,hell
454,कल्पना करना,suppose
455,ढकना,cover
456,जोड़ा,couple
457,बड़ा,large
458,दोनों में से एक,either
459,पाँच,five
460,टांग,leg
461,कूदना,jump
462,मरना,die
463,वापस करना,return
464,योग्य,able
465,थैला,bag
466,अकेला,alone
467,बंद करना,shut
468,सामग्री,stuff
469,छोटा,short
470,तैयार,ready
471,समझना,understand
472,रखा,kept
473,योजना,plan
474,उठाना,raise
475,गली,street
476,अलग,different
477,संकट,problem
478,तोड़ना,break
479,पंक्ति,line
480,जल्दी,early
481,काटना,cut
482,ठंडा,cold
483,कागज़,paper
484,चीख,scream
485,बजाय,instead
486,बेवकूफ,stupid
487,मौन,silence
488,पेड़,tree
489,पकड़ा,caught
490,कान,ear
491,खाना,food
492,भरा हुआ,full
493,चार,four
494,कारण,cause
495,लानत है,fuck
496,व्याख्या करना,explain
497,अपेक्षा करना,expect
498,झगड़ा करना,fight
499,बिल्कुल,exactly
500,क्रम से लगाना,sort
501,पूरी तरह,completely
502,पुरुषों,men
503,नृत्य,dance
504,मुलाकात की,met
505,कहानी,story
506,जो कुछ भी,whatever
507,निर्माण,build
508,बोलना,speak
509,काँच,glass
510,दर्द,pain
511,जाँच करना,check
512,चमक,glare
513,कोना,corner
514,श्रीमती।,Mrs.
515,छाती,chest
516,गर्म,hot
517,की अपेक्षा,rather
518,महीना,month
519,असली,real
520,छूना,touch
521,पार्क,park
522,लाना,bring
523,वे,they're
524,पीना,drink
525,पहले,ago
526,ताकत,force
527,आपने,you've
528,तेज़,fast
529,खोया,lost
530,ध्यान,attention
531,इच्छा,wish
532,निशान,mark
533,लहर,wave
534,चिल्लाना,shout
535,भरना,fill
536,शुरू,begin
537,बच्चा,baby
538,दिलचस्पी,interest
539,धन,money
540,आनंद,fun
541,हरा,green
542,हालाँकि,however
543,गाल,cheek
544,मेरा,mine
545,साफ़,clear
546,भूरा,brown
547,आगे,forward
548,पास में,near
549,चित्र,picture
550,मई,may
551,ठंडा,cool
552,गाड़ी चलाना,drive
553,आलिंगन,hug
554,हिलाना,shake
555,विवेक,sense
556,ठीक,alright
557,आप,you'll
558,सपना,dream
559,टांगना,hang
560,कपड़े,clothes
561,कार्य,act
562,बनना,become
563,प्रबंधित करना,manage
564,मतलब,meant
565,खेल,game
566,अनदेखा करना,ignore
567,सीढ़ी,stair
568,लिया,taken
569,दल,party
570,जोड़ना,add
571,कभी-कभी,sometimes
572,काम,job
573,दस,ten
574,गोली मारना,shot
575,तारीख,date
576,शांत,quiet
577,टकटकी,gaze
578,समूह,group
579,ऊँचा स्वर,loud
580,सीधा,straight
581,मृत,dead
582,गरदन,neck
583,के बगल में,beside
584,रोकना,pause
585,संख्या,number
586,बातचीत,conversation
587,अवसर,chance
588,कुंआ,we'll
589,गुलाब,rose
590,चुपचाप,quietly
591,कस्बा,town
592,खून,blood
593,रंग,color
594,मेज़,desk
595,रात का खाना,dinner
596,बड़ा कमरा,hall
597,घोड़ा,horse
598,संगीत,music
599,लाया,brought
600,टुकड़ा,piece
601,इसके बाद,anymore
602,सुंदर,beautiful
603,आदेश,order
604,आग,fire
605,कार्यालय,office
606,सत्य,TRUE
607,यद्यपि,although
608,गरम,warm
609,आसान,easy
610,प्रवेश करना,enter
611,उत्तम,perfect
612,धीरे से कहना,mutter
613,नरमी से,softly
614,पार करना,cross
615,झटका,shock
616,नखरे की मुस्कराहट,smirk
617,लानत है,damn
618,कोमल,soft
619,पेट,stomach
620,चटकाना,snap
621,बोला,spoke
622,थका देना,tire
623,डिब्बा,box
624,पकड़ना,catch
625,त्वचा,skin
626,अध्यापक,teacher
627,मध्य,middle
628,टिप्पणी,note
629,आप स्वयं,yourself
630,नहीं है,haven't
631,दिन का खाना,lunch
632,आने वाला कल,tomorrow
633,साँस लेना,breathe
634,साफ़,clean
635,के अलावा,except
636,के जैसा लगना,appear
637,ताला,lock
638,दस्तक,knock
639,स्नानघर,bathroom
640,फ़िल्म,movie
641,सहमत,agree
642,प्रस्ताव,offer
643,लात मारना,kick
644,प्रपत्र,form
645,भ्रमित,confuse
646,धूल में मिलना,lay
647,कम,less
648,शांत,calm
649,फिसलना,slip
650,नहीं थे,weren't
651,संकेत,sign
652,कुत्ता,dog
653,उठाना,lift
654,तुरंत,immediately
655,आना,arrive
656,सौदा,deal
657,आज रात,tonight
658,आम तौर पर,usually
659,मामला,case
660,घुड़की,frown
661,दुकान,shop
662,डराना,scare
663,वादा,promise
664,गेंदा,mum
665,सोफ़ा,couch
666,भुगतान करना,pay
667,राज्य,state
668,मल,shit
669,लपेटना,wrap
670,जेब,pocket
671,नमस्ते,hello
672,मुक्त,free
673,बहुत बड़ा,huge
674,सवारी,ride
675,परेशान करना,bother
676,भूमि,land
677,ज्ञात,known
678,विशेष रूप से,especially
679,अभिव्यक्ति,expression
680,ढोना,carry
681,अँगूठी,ring
682,धब्बा,spot
683,अनुमति देना,allow
684,अनेक,several
685,नहीं कर रहे हैं,aren't
686,दौरान,during
687,खाली,empty
688,महिला,lady
689,भौं,eyebrow
690,अजीब,strange
691,कॉफ़ी,coffee
692,सड़क,road
693,फेक दिया,threw
694,चौड़ा,wide
695,बस,bus
696,भूल जाओ,forget
697,कमाई,gotten
698,गंध,smell
699,डर,fear
700,प्रेस,press
701,दोस्त,boyfriend
702,गोरा,blonde
703,फेंकना,throw
704,गोल,round
705,रवि,sun
706,लंबा,tall
707,खुश,glad
708,आयु,age
709,लिखना,write
710,ऊपर,upon
711,छिपाना,hide
712,बन गया,became
713,भीड़,crowd
714,बारिश,rain
715,बचाना,save
716,मुश्किल,trouble
717,चिढ़ाना,annoy
718,नाक,nose
719,अजीब,weird
720,मौत,death
721,पीटना,beat
722,सुर,tone
723,यात्रा,trip
724,छह,six
725,नियंत्रण,control
726,लगभग,nearly
727,विचार करना,consider
728,होने वाला,gonna
729,जोड़ना,join
730,सीखना,learn
731,ऊपर,above
732,नमस्ते,hi
733,ज़ाहिर तौर से,obviously
734,पूरा,entire
735,दिशा,direction
736,पैर,foot
737,गुस्सा,angry
738,शक्ति,power
739,मज़बूत,strong
740,जल्दी,quick
741,चिकित्सक,doctor
742,किनारा,edge
743,गाना,song
744,सुप्त,asleep
745,बीस,twenty
746,मुश्किल से,barely
747,अवशेष,remain
748,बच्चा,child
749,आनंद लेना,enjoy
750,बंदूक,gun
751,धीमा,slow
752,शहर,city
753,टूट गया,broke
754,चाबी,key
755,नेतृत्व करना,lead
756,गला,throat
757,सामान्य,normal
758,आप चाहते,you'd
759,कहीं,somewhere
760,जागना,wake
761,जोड़ा,pair
762,आकाश,sky
763,मज़ेदार,funny
764,व्यवसाय,business
765,विद्यार्थी,student
766,खिसियाना,giggle
767,चमकदार,bright
768,भर्ती होना,admit
769,जींस,jeans
770,दिया गया,given
771,बच्चे,children
772,इकट्ठा करना,store
773,मिठाई,sweet
774,कम,low
775,चढ़ना,climb
776,रगड़ना,rub
777,अपार्टमेंट,apartment
778,घुटना,knee
779,जूता,shoe
780,आक्रमण करना,attack
781,सोने का कमरा,bedroom
782,चुटकुला,joke
783,खर्च किया,spent
784,परिस्थिति,situation
785,अटक गया,stuck
786,धीरे,gently
787,संभव,possible
788,कक्ष,cell
789,उल्लेख,mention
790,चुपचाप,silent
791,निश्चित रूप से,definitely
792,जल्दबाज़ी करना,rush
793,त्रिशंकु,hung
794,ब्रश,brush
795,शायद,perhaps
796,कराहना,groan
797,गधा,ass
798,चट्टान,rock
799,कार्ड,card
800,खोना,lose
801,शर्म,blush
802,अलावा,besides
803,पागल,crazy
804,प्रकार,type
805,ऊब पैदा करना,bore
806,डरना,afraid
807,पीछा करना,chase
808,जवाब देना,respond
809,शादी कर,marry
810,याद दिलाना,remind
811,सामान बाँधना,pack
812,बेटी,daughter
813,गंभीर,serious
814,दोस्त,girlfriend
815,पागल,mad
816,किसी तरह,somehow
817,खरीदना,buy
818,भेजा,sent
819,कसा हुआ,tight
820,केवल,simply
821,विश्वास,trust
822,कल्पना करना,imagine
823,हवा,wind
824,कुड़ाकुड़ाना,chuckle
825,छड़,bar
826,गुलाबी,pink
827,धक्का,shove
828,गेंद,ball
829,दृश्य,sight
830,खींचना,drag
831,वे चाहते,they'd
832,इंसान,human
833,सच,truth
834,शेयर करना,share
835,क्षेत्र,area
836,चिंता,concern
837,नहीं करना चाहिए,shouldn't
838,टीम,team
839,पलायन,escape
840,बुदबुदाना,mumble
841,अक्सर,often
842,खोज,search
843,प्रकट रूप से,apparently
844,कोशिश करना,attempt
845,बेटा,son
846,अंदर,within
847,बैंड,band
848,प्यारा,cute
849,अगुआई की,led
850,याद,memory
851,गुस्सा,anger
852,उड़ना,fly
853,रँगना,paint
854,बोतल,bottle
855,व्यस्त,busy
856,टिप्पणी,comment
857,चिल्लाना,exclaim
858,टालना,avoid
859,बढ़ना,grow
860,स्लेटी,grey
861,आईना,mirror
862,दम तोड़ देना,gasp
863,दालान,hallway
864,प्रिय,dear
865,तारा,star
866,बीमार,sick
867,बिल्ली,cat
868,विरोध करना,counter
869,बाधा डालना,interrupt
870,कोई नहीं,none
871,झपकी,blink
872,खर्च करना,spend
873,साधारण,usual
874,ज़्यादा बुरा,worse
875,लॉकर,locker
876,महत्वपूर्ण,important
877,पसंदीदा,favorite
878,पकड़,grip
879,टीवी,TV
880,बर्फ़,ice
881,दिखावा करना,pretend
882,निपटारा करना,settle
883,अमेज,amaze
884,जल्दी से आना,pop
885,गायब होना,disappear
886,रेलगाड़ी,train
887,चिपकना,stick
888,रक्षक,guard
889,दाँत,teeth
890,चमक,flash
891,चाचा,uncle
892,भेजना,send
893,संदेह,doubt
894,मिलने जाना,visit
895,घबराया हुआ,nervous
896,उत्तेजित,excite
897,दृष्टिकोण,approach
898,क्षमा,excuse
899,उपयुक्त,fit
900,शोर,noise
901,अध्ययन,study
902,पत्र,letter
903,पुलिस,police
904,अंततः,eventually
905,जलाना,burn
906,मैदान,field
907,अस्पताल,hospital
908,बाँधना,tie
909,गर्मी,summer
910,हुह,huh
911,बदलाव,shift
912,खुद,self
913,जल्दी,hurry
914,अभिवादन,greet
915,पत्नी,wife
916,पद,position
917,हमने,we've
918,पोंछना,wipe
919,अधिक वज़नदार,heavy
920,स्लैम,slam
921,टूटा हुआ,broken
922,पूरा,complete
923,अंतरिक्ष,space
924,दिमाग,brain
925,छोटा,tiny
926,पैंट,pants
927,एएच,ah
928,पंच,punch
929,फव्वारा,shower
930,जीभ,tongue
931,दोपहर,afternoon
932,गंभीरता से,seriously
933,कप,cup
934,आगे,further
935,जाति,race
936,पहचानना,recognize
937,कंप्यूटर,computer
938,बजी,rang
939,सुरक्षित,safe
940,जैकेट,jacket
941,तल,bottom
942,सौ,hundred
943,आराम करना,relax
944,अचानक,sudden
945,बहुत खूब,wow
946,कॉलेज,college
947,पलटना,flip
948,मनोदशा,mood
949,रास्ता,track
950,दरार,crack
951,अवरोध पैदा करना,block
952,सँभालना,handle
953,खुद,themselves
954,गल्ला,drove
955,सात,seven
956,संघर्ष,struggle
957,चाहे,whether
958,आगे,ahead
959,उदास,sad
960,सूखा,dry
961,औरत,women
962,केंद्र,focus
963,दोहराना,repeat
964,मोटा,thick
965,रिश्ता,relationship
966,झटका,jerk
967,वर्तमान,present
968,चूसना,suck
969,घंटी,bell
970,चारों ओर,surround
971,शाम,evening
972,काटना,bite
973,अकेला,single
974,गलती,fault
975,छाया,shadow
976,लकड़ी,wood
977,आसानी से,easily
978,उठा,woke
979,धुआँ,smoke
980,खींचना,draw
981,सुझाव देना,suggest
982,गीला,wet
983,स्वीकार करना,accept
984,तीसरा,third
985,पूरी तरह से,totally
986,पहनी थी,wore
987,नाश्ता,breakfast
988,पगडंडी,trail
989,जानवर,animal
990,चेतावनी देना,warn
991,चाची,aunt
992,महोदय,sir
993,पेशाब,piss
994,फोड़ना,burst
995,मिलान,match
996,हल करना,fix
997,वास्तव में,practically
998,अजीब,odd
999,धोना,wash
1000,गाना,sing
1001,इंच,inch
1002,आकार,size
1003,गुप्त,secret
1004,कौन है,who's
1005,घड़ी,clock
1006,कंपनी,company
1007,देखना,view
1008,पोशाक,suit
1009,हमेशा के लिए,forever
1010,परिचित,familiar
1011,माथा,forehead
1012,गोली मारना,shoot
1013,बढ़ी,grew
1014,खींचना,stretch
1015,पाउंड,pound
1016,इसके बावजूद,despite
1017,जवाब,response
1018,केंद्र,center
1019,कर्ल,curl
1020,थोड़ा,slight
1021,टॉस,toss
1022,के नीचे,beneath
1023,मुट्ठी,fist
1024,स्वागत,welcome
1025,हँसी,laughter
1026,देवदूत,angel
1027,क्रिसमस,Christmas
1028,बुध,we'd
1029,मुख्य,main
1030,सरल,simple
1031,कोई भी नहीं,neither
1032,दूरी,distance
1033,आराम,comfort
1034,परेशान,upset
1035,मान लीजिए,assume
1036,आठ,eight
1037,इकट्ठा करना,gather
1038,भाग्यशाली,lucky
1039,हल्का होना,fade
1040,एमएस।,Ms.
1041,परत,coat
1042,विशेष,special
1043,अजीब,awkward
1044,कुछ,certain
1045,तश्तरी,plate
1046,अंधेरा,darkness
1047,अभ्यास,practice
1048,ज़ाहिर,obvious
1049,श्रेणी,grade
1050,मलाई,cream
1051,पसंद,choice
1052,मुश्किल से,hardly
1053,फीका,pale
1054,पतला,thin
1055,बटन,button
1056,चॉकलेट,chocolate
1057,अस्वीकार करना,refuse
1058,गिरावट,slid
1059,तकिया,pillow
1060,तीस,thirty
1061,गिनती करना,count
1062,ईमानदारी से,honestly
1063,गरीब,poor
1064,गति,motion
1065,आंधी,storm
1066,हलकी हलकी,lightly
1067,कोई नहीं,nobody
1068,अनुभव,experience
1069,पथ,path
1070,अवधि,period
1071,हिम्मत,dare
1072,माँग,demand
1073,आरामदायक,comfortable
1074,स्पष्ट रूप से,clearly
1075,चाँदी,silver
1076,समकक्ष,peer
1077,जन्मदिन,birthday
1078,घृणा,disgust
1079,शर्मिंदा करना,embarrass
1080,खरीदा,bought
1081,परीक्षा,test
1082,गोद,lap
1083,बेट,bet
1084,जोर जोर,loudly
1085,चालक,driver
1086,बड़बड़ाहट,murmur
1087,स्वाद,taste
1088,पूरी तरह से,perfectly
1089,निचोड़,squeeze
1090,तख़्ता,board
1091,कीमत,worth
1092,तह करना,fold
1093,फैलाना,spread
1094,बकवास,crap
1095,भावना,emotion
1096,विषय,subject
1097,बहना,pour
1098,लिटा देना,laid
1099,निचला,lower
1100,मील,mile
1101,हाँ,yea
1102,पृष्ठ,page
1103,ढेर,pile
1104,बर्फ,snow
1105,संदेश,message
1106,अंग्रेज़ी,English
1107,दृश्य,scene
1108,डूबना,sink
1109,असफल,fail
1110,भूल गया,forgot
1111,छेद,hole
1112,दिल ही दिल में,silently
1113,गर्मी,heat
1114,सप्ताहांत,weekend
1115,ड्रयू,drew
1116,गिटार,guitar
1117,पसीना,sweat
1118,जब तक,unless
1119,बादल,cloud
1120,कमर,waist
1121,थप्पड़,slap
1122,बहस करना,argue
1123,घास,grass
1124,बेवकूफ़,idiot
1125,स्क्रीन,screen
1126,कल,yesterday
1127,कसम खाना,swear
1128,जुड़वां,twin
1129,हाथों हाथ,instantly
1130,अलग,apart
1131,सँकरा,narrow
1132,विलोम,opposite
1133,फूँक मारना,blow
1134,कलाई,wrist
1135,धरती,earth
1136,कार्य,action
1137,घेरा,circle
1138,भूल गई,forgotten
1139,सूची,list
1140,अलमारी,closet
1141,पिया हुआ,drunk
1142,आकार,shape
1143,पीला,yellow
1144,मोड़,twist
1145,वज़न,weight
1146,बुद्धिमान,smart
1147,यह होगा,it'll
1148,इलाज,treat
1149,पोखर,pool
1150,तैयार करना,prepare
1151,चौकन्ना,awake
1152,निश्चित रूप से,certainly
1153,चिढ़ाना,tease
1154,संपर्क,contact
1155,फिसलना,slide
1156,आश्चर्यजनक,wonderful
1157,कुतिया,bitch
1158,प्रकट करना,reveal
1159,झूला,swing
1160,ट्रक,truck
1161,कहीं भी,anywhere
1162,फूल,flower
1163,ऊपर,upstairs
1164,उसकी,hers
1165,अपने आप,itself
1166,घूमना,wander
1167,सीढ़ी के नीचे,downstairs
1168,फ़ुटबॉल,football
1169,संभवत:,possibly
1170,फाड़ना,rip
1171,जंगल,forest
1172,अधिकतर,mostly
1173,खूनी,bloody
1174,गिरजाघर,church
1175,समलैंगिक,gay
1176,पत्थर,stone
1177,पति,husband
1178,लिंग,sex
1179,चाल,trick
1180,आपका अपना,yours
1181,बादल की गरज,growl
1182,क्लब,club
1183,शुक्रवार,Friday
1184,अवस्था,stage
1185,शामिल करना,include
1186,एसआईपी,sip
1187,आमंत्रित करना,invite
1188,तीखा,sharp
1189,मनवाना,convince
1190,चादर,sheet
1191,बिल्कुल,absolutely
1192,नारंगी,orange
1193,राहत,relief
1194,क्षमा माँगना,apologize
1195,कला,art
1196,नरक,he'll
1197,निकालना,remove
1198,टकरा जाना,crash
1199,वैन,van
1200,अभिशाप,curse
1201,जीवित,alive
1202,कंबल,blanket
1203,पाना,receive
1204,बख्शीश,tip
1205,उठना,rise
1206,मज़बूती से,tightly
1207,बरबाद करना,waste
1208,कटोरा,bowl
1209,गिरा हुआ,fallen
1210,नदी,river
1211,माँ,mama
1212,गति,pace
1213,शहद,honey
1214,निगलना,swallow
1215,राजा,king
1216,कैमरा,camera
1217,योग्य होना,deserve
1218,गंदा,dirty
1219,ठोड़ी,chin
1220,द्वार,doorway
1221,छवि,image
1222,कुकी,cookie
1223,गृहकार्य,homework
1224,टोपी,hat
1225,भाग्य,luck
1226,अलग,aside
1227,जानकारी,information
1228,पंद्रह,fifteen
1229,गोरा,fair
1230,खिलाड़ी,player
1231,राक्षस,monster
1232,दरवाज़ा,gate
1233,जीतना,win
1234,नीचे,below
1235,छत,ceiling
1236,क्लिक,click
1237,खाना पकाना,cook
1238,यात्रा,travel
1239,मछली,fish
1240,जगमगाता,lit
1241,nervously,nervously
1242,तौलिया,towel
1243,कांपना,shiver
1244,अंतिम,final
1245,भयंकर,horrible
1246,स्टेशन,station
1247,शिविर,camp
1248,भूखा,hungry
1249,हज़ार,thousand
1250,बुराई,evil
1251,अमीर,rich
1252,युद्ध,war
1253,शामिल होना,involve
1254,जबड़ा,jaw
1255,असुविधाजनक,uncomfortable
1256,सीधे,directly
1257,स्तर,level
1258,दोहरा,double
1259,नौ,nine
1260,प्राणी,creature
1261,चमकना,glow
1262,कुछ हद तक,somewhat
1263,दोष,blame
1264,प्रवेश,entrance
1265,कूल्हा,hip
1266,ताज़ा,fresh
1267,फुफकार,hiss
1268,सामान्य रूप से,normally
1269,नल,tap
1270,मशीन,machine
1271,नष्ट करना,ruin
1272,भालू,bear
1273,नियम,rule
1274,तक,till
1275,मुर्गा,cock
1276,ठोकर,stumble
1277,शिकायत करना,complain
1278,हर कोई,everybody
1279,सही मायने में,truly
1280,देखभाल करना,nurse
1281,रफ़्तार,speed
1282,हम्म,hmm
1283,घबड़ाहट,panic
1284,चिकना,smooth
1285,कमज़ोर,weak
1286,अलविदा,good-bye
1287,चाहेंगे गए,would've
1288,अतिरिक्त,extra
1289,हाव-भाव,gesture
1290,भ्रूभंग,scowl
1291,बीयर,beer
1292,मुक्त करना,release
1293,देश,country
1294,अफ़सर,officer
1295,सावधान,careful
1296,बनाएं,create
1297,पहाड़,hill
1298,फक-फक करना,snort
1299,उड़ गया,flew
1300,एड़ी,heel
1301,भौंह,brow
1302,शुल्क,charge
1303,समतल,flat
1304,प्लस,plus
1305,बदलना,switch
1306,जब कभी भी,whenever
1307,अभिप्राय,drift
1308,धातु,metal
1309,खोज करना,discover
1310,पहिया,wheel
1311,स्कर्ट,skirt
1312,थपथपाना,pat
1313,खाया,ate
1314,चाय,tea
1315,होटल,hotel
1316,एसओबी,sob
1317,भविष्य,future
1318,अभिलेख,record
1319,गाड़ी की डिक्की,boot
1320,संभावित,likely
1321,खुश करना,cheer
1322,सोना,gold
1323,सिद्ध करना,prove
1324,हा,ha
1325,दो बार,twice
1326,अवगत,aware
1327,कमी,lack
1328,राजकुमारी,princess
1329,बेंच,bench
1330,चचेरा,cousin
1331,विवरण,detail
1332,मात्रा,amount
1333,चिड़िया,bird
1334,पिछड़ा,backward
1335,कुचलना,crush
1336,सिगरेट,cigarette
1337,बेहोश होना,faint
1338,संबंधित होना,belong
1339,अजनबी,stranger
1340,समुद्र तट,beach
1341,भार,load
1342,हर जगह,everywhere
1343,खरोंचना,scratch
1344,इतिहास,history
1345,रेस्टोरेंट,restaurant
1346,आयोजन,event
1347,अत्यंत,extremely
1348,चौड़ा,widen
1349,क्लच,clutch
1350,देय,due
1351,टग,tug
1352,आगे,beyond
1353,आनंद से,happily
1354,गलती,mistake
1355,हथेली,palm
1356,मन बहलाना,amuse
1357,अतिथि,guest
1358,शनिवार,Saturday
1359,लकड़ी का,wooden
1360,बहुत बुरा,worst
1361,बाहर निकलना,exit
1362,प्लास्टिक,plastic
1363,असलियत,reality
1364,झिझक,wince
1365,की घोषणा,announce
1366,पड़ेगा,gotta
1367,सो गए,slept
1368,शंख,she'll
1369,सदस्य,member
1370,चुनना,choose
1371,डॉ।,Dr.
1372,तैरना,swim
1373,खतरे की घंटी,alarm
1374,घुटनों के बल चलना,crawl
1375,डॉलर,dollar
1376,चाकू,knife
1377,जादू,magic
1378,चुकाया गया,paid
1379,पिज़्ज़ा,pizza
1380,बटुआ,purse
1381,उपहार,gift
1382,मुर्गा,chicken
1383,विमान,plane
1384,गला घोंटना,choke
1385,पेंच,screw
1386,विरोध करना,protest
1387,आधार,base
1388,दवाई,drug
1389,परिचय देना,introduce
1390,आस्तीन,sleeve
1391,आंदोलन,movement
1392,ढीला,loose
1393,नंगा,bare
1394,चाहना,wanna
1395,कठिन,difficult
1396,चौखटा,frame
1397,घुमाना,spin
1398,नकली,fake
1399,कलम,pen
1400,समझा,understood
1401,और न,nor
1402,दुर्भाग्य से,unfortunately
1403,लिखा हुआ,written
1404,फ़ैसला,decision
1405,निवेदन करना,beg
1406,भारी,heavily
1407,आग्रह करना,insist
1408,आत्मा,soul
1409,अनियमित,random
1410,खेल,sport
1411,नर,male
1412,प्रबल इच्छा,urge
1413,दस लाख,million
1414,जम्हाई लेना,yawn
1415,बैग,backpack
1416,न्यायाधीश,judge
1417,डराना,startle
1418,गुच्छा,bunch
1419,धारा,stream
1420,वे हूँ,they'll
1421,माँसपेशियाँ,muscle
1422,गज,yard
1423,दुर्घटना,accident
1424,अजगर,dragon
1425,वाक्य,sentence
1426,मूर्ख,fool
1427,फटा हुआ,torn
1428,झुकना,bow
1429,गूंज,echo
1430,मिक्स,mix
1431,दफ़नाना,bury
1432,प्रणाली,system
1433,गंध,dirt
1434,आत्मा,spirit
1435,पत्ता,leaf
1436,रक्षा करना,protect
1437,पंक्ति,row
1438,आगे,forth
1439,बैंगनी,purple
1440,टकराना,bang
1441,जिज्ञासु,curious
1442,आस-पास,nearby
1443,कहीं भी नहीं,nowhere
1444,गिर जाना,collapse
1445,कूदना,hop
1446,गर्व,proud
1447,विंग,wing
1448,नष्ट करना,destroy
1449,समुद्र,sea
1450,अलग,separate
1451,नासमझ,silly
1452,घाव,wound
1453,ईमानदार,honest
1454,युद्ध,battle
1455,जन्म,born
1456,खाँसी,cough
1457,पर्वत,mountain
1458,विभाजित करना,split
1459,वर्ग,square
1460,नीचे,underneath
1461,बाइक,bike
1462,प्रक्रिया,process
1463,कोई व्यक्ति,somebody
1464,कक्षा,classroom
1465,उपस्थिति,presence
1466,किसका,whose
1467,ग्रोन,grown
1468,छिपा हुआ,hidden
1469,सेवा करना,serve
1470,महिला,female
1471,बगीचा,garden
1472,खाना,meal
1473,अक्षम,unable
1474,कोहनी,elbow
1475,सहायता,support
1476,पुल,bridge
1477,प्रतिक्रिया,reaction
1478,छोडना,skip
1479,जंगली,wild
1480,गुस्से से,angrily
1481,प्रभाव,effect
1482,धमकी देना,threaten
1483,मूल रूप से,basically
1484,एक प्रकार का जहाज़,smack
1485,आघात,stroke
1486,प्रवाह,flow
1487,विलाप,moan
1488,पौधा,plant
1489,असंभव,impossible
1490,चोट,bruise
1491,निराश,disappoint
1492,ऊर्जा,energy
1493,छोड़ना,relieve
1494,उलझन,confusion
1495,शादी,wedding
1496,मोटा,fat
1497,बिल,bill
1498,छैला,dude
1499,पता,address
1500,ढालना,cast
1501,नंगा,naked
1502,खिलौने,toy
1503,गणित,math
1504,निजी,personal
1505,जहाज,ship
1506,काता,spun
1507,बात करना,chat
1508,प्रार्थना,pray
1509,कोड़ा,whip
1510,पकड़,grasp
1511,नहीं है,hasn't
1512,तैरना,float
1513,पूरी तरह,fully
1514,भव्य,gorgeous
1515,वास्तव में,indeed
1516,नाखून,nail
1517,दृष्टि,vision
1518,मासूम,innocent
1519,दोस्ताना,friendly
1520,ईर्ष्या,jealous
1521,आ गया,swung
1522,ज्योति,flame
1523,छात्रावास,dorm
1524,सड़क,driveway
1525,फैल,spill
1526,गिरोह,gang
1527,हत्या,murder
1528,आदर,respect
1529,झुका हुआ,bent
1530,पूँछ,tail
1531,सूचित करना,inform
1532,पाठ,lesson
1533,कराहना,whine
1534,अंतिम रूप से तय,clench
1535,उत्तेजना,excitement
1536,पुस्तकालय,library
1537,भगवान,lord
1538,सतह,surface
1539,धूल,dust
1540,गंदी जगह,dump
1541,विशेषता,feature
1542,वस्तु,object
1543,हथियार,weapon
1544,शांति से,calmly
1545,संकोच करना,hesitate
1546,संकेत देना,hint
1547,कानून,law
1548,पत्रिका,magazine
1549,के बीच,among
1550,रोब जमाना,boss
1551,फ़ाइल,file
1552,चमड़ा,leather
1553,परिणाम,result
1554,फेंक दिया,thrown
1555,पैर की अंगुली,toe
1556,भयानक,terrible
1557,स्थानीय,local
1558,परियोजना,project
1559,जीत गया,won
1560,रेडियो,radio
1561,खेद,regret
1562,बड़बड़ाना,grumble
1563,अन्यथा,otherwise
1564,हास्यास्पद,ridiculous
1565,सीडी,CD
1566,प्यारा,lovely
1567,दिखावटी,mock
1568,कोशिश,effort
1569,पंखा,fan
1570,नस,nerve
1571,प्रतिवेदन,report
1572,छोटी दुकान,stall
1573,लिफ़्ट,elevator
1574,साथी,mate
1575,हरामी,bastard
1576,असंतोष का शब्द,grunt
1577,ओ क्लॉक,o'clock
1578,रस्सी,rope
1579,पूरी तरह से,entirely
1580,डराना,frighten
1581,छाया,shade
1582,ताकत,strength
1583,हड्डी,bone
1584,अदला-बदली,exchange
1585,उड़ान,flight
1586,सोमवार,Monday
1587,साझेदार,partner
1588,मैदान,plain
1589,चमकना,shine
1590,काफ़ीहाउस,cafeteria
1591,खुशी से उछलना,beam
1592,अस्तित्व,exist
1593,बरामदा,porch
1594,रानी,queen
1595,चिल्लाहट,squeal
1596,आस्था,faith
1597,प्रवेश करना,pierce
1598,टिप्पणी,remark
1599,संतुष्ट,content
1600,आराम,ease
1601,झटका,flick
1602,मॉल,mall
1603,नही सकता,cannot
1604,कालीन,carpet
1605,लंबाई,length
1606,बदलना,replace
1607,बत्तख,duck
1608,उभार,bump
1609,सामान्य,common
1610,शैली,style
1611,टैन,tan
1612,केक,cake
1613,अदालत,court
1614,पहले का,previous
1615,संतुलन,balance
1616,किनारा,bank
1617,अंधा,blind
1618,खतरनाक,dangerous
1619,विशिष्ट,particular
1620,बेचना,sell
1621,लिखा,wrote
1622,विचलित,distract
1623,पिघलना,melt
1624,लोकप्रिय,popular
1625,सामाजिक,social
1626,पढ़ाना,teach
1627,उपस्थिति,appearance
1628,सही,correct
1629,झील,lake
1630,जनता,public
1631,व्यंग्य से,sarcastically
1632,अपराधी,guilty
1633,एक तरह का,kinda
1634,करेगा,shall
1635,टेलीविजन,television
1636,नाव,boat
1637,दृढ़ता से,firmly
1638,तंबू,tent
1639,अँगूठा,thumb
1640,तरीका,manner
1641,लालिमा,flush
1642,छत,roof
1643,अनुसूची,schedule
1644,डाइन,dine
1645,मौसम,weather
1646,संयोग से,casually
1647,चंद्रमा,moon
1648,अंतर,difference
1649,बट,butt
1650,आकर्षण,charm
1651,खिलाना,feed
1652,निराशा,frustration
1653,सज्जन,gentle
1654,अंकुश,hook
1655,उछलना,bounce
1656,विशेष रूप से,particularly
1657,आनंद,pleasure
1658,उचक्का,sneak
1659,नेता,leader
1660,क्रोध,rage
1661,कटकट,shriek
1662,कष्ट सहना,suffer
1663,रविवार,Sunday
1664,तर्क,argument
1665,गर्भवती,pregnant
1666,चर्चा करना,discuss
1667,कथन,statement
1668,टिकट,ticket
1669,खोदना,dig
1670,गुड़िया,doll
1671,ठंड,chill
1672,बाड़,fence
1673,डरावना,horror
1674,बनाना,built
1675,पुलिस,cop
1676,सुरक्षा,security
1677,फ़ुटपाथ,sidewalk
1678,स्तन,breast
1679,परदा,curtain
1680,किसको,whom
1681,पचास,fifty
1682,बहुत बड़ा,giant
1683,दूध,milk
1684,याद करना,recall
1685,अवधि,term
1686,क़दम,footstep
1687,अचेत,stun
1688,टक,tuck
1689,कपड़े,clothing
1690,चाटना,lick
1691,आनंद,joy
1692,कुरूप,ugly
1693,उम्मीद है,hopefully
1694,सैनिक,soldier
1695,निवेदन,plead
1696,टकरा गया,struck
1697,जाल,trap
1698,राय,opinion
1699,बहुत,plenty
1700,टैंक,tank
1701,समीर,breeze
1702,बहुत बढ़िया,awesome
1703,इच्छा,desire
1704,रहनेवाला,roommate
1705,आधे रास्ते,halfway
1706,अवसर,opportunity
1707,पोशाक,outfit
1708,खुरदुरा,rough
1709,नहीं है,ain't
1710,सुंदरता,beauty
1711,चुना,chose
1712,साँप,snake
1713,फीता,tape
1714,बुरी तरह,badly
1715,धोखा,cheat
1716,पापा,daddy
1717,गर्जन,roar
1718,वर्णन करना,describe
1719,सख्त,desperately
1720,ऊंचाई,height
1721,जाँघ,thigh
1722,नत,tilt
1723,गहरा,deeply
1724,दोस्ती,friendship
1725,सर्दी,winter
1726,चुड़ैल,witch
1727,पहना हुआ,worn
1728,स्थिति,condition
1729,दुश्मन,enemy
1730,स्वर्ण,golden
1731,सोफ़ा,sofa
1732,मालिक,master
1733,अशिष्ट,rude
1734,लगातार,throughout
1735,आश्वासन,assure
1736,आघात,damage
1737,प्राकृतिक,natural
1738,चुराना,steal
1739,बेल्ट,belt
1740,पिंजरा,cage
1741,दावा,claim
1742,बुरा अनुभव,nightmare
1743,पसंद करना,prefer
1744,उद्देश्य,purpose
1745,केवल,merely
1746,नत्थी करना,pin
1747,फ्रांसीसी,French
1748,अफसोस की बात है,sadly
1749,वर्दी,uniform
1750,शाखा,branch
1751,प्रत्यक्ष,direct
1752,शिकारी,hunter
1753,रस,juice
1754,चरित्र,character
1755,शुद्ध,pure
1756,धब्बा,stain
1757,विभिन्न,various
1758,पाना,gain
1759,डुबाना,soak
1760,हाल तक,lately
1761,आवाज़ का उतार-चढ़ाव,pitch
1762,लहज़ा,accent
1763,वे,they've
1764,घबराना,tremble
1765,केबिन,cabin
1766,चबाना,chew
1767,भौतिक,physical
1768,पहेली,puzzle
1769,विस्फोट,explode
1770,नियमित,steady
1771,कैसे,how's
1772,पालतू,pet
1773,कारण,sake
1774,तुलना करना,compare
1775,प्रधान अध्यापक,principal
1776,स्कैन,scan
1777,चालीस,forty
1778,छाप,impress
1779,मानसिक रूप से,mentally
1780,प्रतिक्रिया,react
1781,सैंडविच,sandwich
1782,शर्मीला,shy
1783,बारह,twelve
1784,जबकि,whilst
1785,गोली,bullet
1786,चुनौती,challenge
1787,आज्ञा,command
1788,परीक्षण करना,examine
1789,पतली परत,film
1790,प्रशंसा करना,appreciate
1791,तनावग्रस्त,tense
1792,खाली,blank
1793,फूंका,blew
1794,लड़ा,fought
1795,जिम,gym
1796,यात्री,passenger
1797,किशोर,teenager
1798,व्यंजन,dish
1799,अनिर्णित,drawn
1800,डरावना,scary
1801,भिन्न,unlike
1802,सीधा,straighten
1803,छानना,strain
1804,तराना,tune
1805,निरंतर,constantly
1806,प्रसिद्ध,famous
1807,शादी,marriage
1808,अवश्यंभावी,bound
1809,कल्पना,fancy
1810,मुद्दा,issue
1811,गरमाहट,warmth
1812,कुछ समय,awhile
1813,इकट्ठा करना,collect
1814,ध्यान केंद्रित करना,concentrate
1815,कॉपी,copy
1816,नास्तिकता,disbelief
1817,कस,tighten
1818,ठानना,determine
1819,कृपादृष्टि,favor
1820,मानसिक,mental
1821,झाड़ी,bush
1822,क्षमा करना,forgive
1823,उद्देश्य,aim
1824,अंगीकार करना,embrace
1825,अच्छी तरह से,fairly
1826,फ़्रीज़,froze
1827,अपमान करना,insult
1828,विकल्प,option
1829,डाक,post
1830,प्रतिरोध करना,resist
1831,बोली जाने,spoken
1832,सेब,apple
1833,आम,general
1834,तुरंत,instant
1835,जीप,jeep
1836,उभरना,emerge
1837,पड़ोसी,neighbor
1838,दबाव,pressure
1839,सेवा,service
1840,मिश्रण,shuffle
1841,संक्षिप्त,briefly
1842,स्मरण पुस्तक,notebook
1843,शांति,peace
1844,डोरी,string
1845,शराब,wine
1846,थोड़ा सा,dash
1847,आंत,gut
1848,तनाव,stress
1849,जोड़ना,connect
1850,भाषा,language
1851,निजी,private
1852,वसंत,spring
1853,टुकड़ा,chip
1854,कुत्ते का पिल्ला,puppy
1855,दर्द,ache
1856,निराश,desperate
1857,आदत,habit
1858,ज़रूरी,necessary
1859,नहीं,nope
1860,पेंसिल,pencil
1861,संतुष्ट करना,satisfy
1862,अस्वीकार करना,deny
1863,माँ,mommy
1864,नज़रिया,attitude
1865,डायल,dial
1866,दर्दनाक,painful
1867,दिखाना,display
1868,हताश,frustrate
1869,यह होगा,it'd
1870,झुकाव होना,tend
1871,एकदम सही,exact
1872,ताकतवर,powerful
1873,प्रकृति,nature
1874,तस्वीर,photo
1875,कुल,total
1876,वीडियो,video
1877,अंडा,egg
1878,घटित होना,occur
1879,कोई,anybody
1880,गलियारे,corridor
1881,घूंट,gulp
1882,पता लगाना,trace
1883,कोई भी हो,whoever
1884,संक्षिप्त,brief
1885,थका देना,exhaust
1886,एक प्रकार की मछली,pout
1887,ख़ौफ़ में डालना,terrify
1888,अध्याय,chapter
1889,पागल,insane
1890,बोलना,spell
1891,निश्चित रूप से,surely
1892,ट्रे,tray
1893,अल्कोहल,alcohol
1894,ज़ंजीर,chain
1895,पहनावा,fashion
1896,गराज,garage
1897,एंक्वाइयर,inquire
1898,कैंडी,candy
1899,समान,similar
1900,कुत्ते की भौंक,bark
1901,इश्कबाज़ी करना,flirt
1902,दयनीय,pathetic
1903,आपूर्ति,supply
1904,मीनार,tower
1905,इंजन,engine
1906,जमा हुआ,frozen
1907,नक्शा,map
1908,शौचालय,toilet
1909,पृष्ठभूमि,background
1910,कंपकंपी,shudder
1911,मकड़ी,spider
1912,वयस्क,adult
1913,सस्ता,cheap
1914,संकेत,clue
1915,अखरोट,hazel
1916,चिढ़ना,irritate
1917,रेत,sand
1918,चौथाई,quarter
1919,अतिरिक्त,spare
1920,अमेरिकन,American
1921,छुटकारा दिलाना,rid
1922,झगड़ा,spat
1923,मटका,pot
1924,भयंकर,awful
1925,ब्लीड,bleed
1926,भाग्य,fate
1927,जोग,jog
1928,हड़ताल,strike
1929,मुंह बनाना,grimace
1930,छुट्टी,holiday
1931,सीटी,whistle
1932,समझौता,agreement
1933,उदासीन,dull
1934,महँगा,expensive
1935,छीन,snatch
1936,कभी अ,sometime
1937,क्षमता,ability
1938,कैंपस,campus
1939,गले का पट्टा,collar
1940,परेशान करना,disturb
1941,झिलमिलाहट,flicker
1942,आगे बढ़ना,proceed
1943,हाल ही में,recently
1944,जोखिम,risk
1945,कौशल,skill
1946,विषय,topic
1947,रक्षा,defense
1948,तलना,fry
1949,किस्मत से,luckily
1950,करारा जवाब,retort
1951,कप्तान,captain
1952,खाया,eaten
1953,दस्ताना,glove
1954,मध्य,mid
1955,मालिक,owner
1956,पनीर,cheese
1957,झटका,yank
1958,इसके बाद,afterward
1959,निकट से,closely
1960,प्रशिक्षक,coach
1961,पंख,feather
1962,आकर्षक,handsome
1963,न्यूयॉर्क,New York
1964,दया,pity
1965,संकेत,signal
1966,सूंघना,sniff
1967,पट्टा,strap
1968,रोकना,contain
1969,जीवित बचना,survive
1970,स्वेटर,sweater
1971,पश्चिम,west
1972,दराज,drawer
1973,छलाँग,leap
1974,प्रमुख,major
1975,तिरछी,peek
1976,संदिग्ध व्यक्ति,suspect
1977,यात्रा,tour
1978,जमाना,freeze
1979,स्वर्ग,heaven
1980,नकाब,mask
1981,हैरानी की बात है,surprisingly
1982,एकाएक,abruptly
1983,शुरू कर दिया,begun
1984,ग्राहक,customer
1985,तकती,pad
1986,डिज़ाइन,design
1987,फ्लॉप,flop
1988,गर्व,pride
1989,हां,yep
1990,साक्षात्कार,interview
1991,पूरा करना,makeup
1992,धमाका,blast
1993,राजकुमार,prince
1994,रोडे,rode
1995,बुलबुला,bubble
1996,किराया,rent
1997,किशोर,teen
